{"bounds":[-0.25,0,0,0.25,0.5,0.5773502692],"polygons":[[[0,0,0.5773502692,0.866025403788329,-0,0.49999999999326183,0,0,0,0.2784313725490196,0.24705882352941178,0.17647058823529413],[0.25,0,0.1443375673,0.866025403788329,-0,0.49999999999326183,0,0,0,0.2784313725490196,0.24705882352941178,0.17647058823529413],[0.25,0.5,0.1443375673,0.866025403788329,-0,0.49999999999326183,0,0,0,0.2784313725490196,0.24705882352941178,0.17647058823529413],[0,0.5,0.5773502692,0.866025403788329,-0,0.49999999999326183,0,0,0,0.2784313725490196,0.24705882352941178,0.17647058823529413]],[[0.25,0,0.1443375673,0.5000000000067384,0,-0.8660254037805483,0,0,0,0.2784313725490196,0.24705882352941178,0.17647058823529413],[0,0,0,0.5000000000067384,0,-0.8660254037805483,0,0,0,0.2784313725490196,0.24705882352941178,0.17647058823529413],[0,0.5,0,0.5000000000067384,0,-0.8660254037805483,0,0,0,0.2784313725490196,0.24705882352941178,0.17647058823529413],[0.25,0.5,0.1443375673,0.5000000000067384,0,-0.8660254037805483,0,0,0,0.2784313725490196,0.24705882352941178,0.17647058823529413]],[[0,0,0,-0.5000000000067384,0,-0.8660254037805483,0,0,0,0.2784313725490196,0.24705882352941178,0.17647058823529413],[-0.25,0,0.1443375673,-0.5000000000067384,0,-0.8660254037805483,0,0,0,0.2784313725490196,0.24705882352941178,0.17647058823529413],[-0.25,0.5,0.1443375673,-0.5000000000067384,0,-0.8660254037805483,0,0,0,0.2784313725490196,0.24705882352941178,0.17647058823529413],[0,0.5,0,-0.5000000000067384,0,-0.8660254037805483,0,0,0,0.2784313725490196,0.24705882352941178,0.17647058823529413]],[[-0.25,0,0.1443375673,-0.866025403788329,0,0.49999999999326183,0,0,0,0.2784313725490196,0.24705882352941178,0.17647058823529413],[0,0,0.5773502692,-0.866025403788329,0,0.49999999999326183,0,0,0,0.2784313725490196,0.24705882352941178,0.17647058823529413],[0,0.5,0.5773502692,-0.866025403788329,0,0.49999999999326183,0,0,0,0.2784313725490196,0.24705882352941178,0.17647058823529413],[-0.25,0.5,0.1443375673,-0.866025403788329,0,0.49999999999326183,0,0,0,0.2784313725490196,0.24705882352941178,0.17647058823529413]]]}