{"bounds":[-0.25,0,0,0.25,0.09999999999999999,0.5773502692],"polygons":[[[0,0,0.5773502692,0.8660254037883289,-0,0.4999999999932618,0,0,0,1,0.6509803921568628,0.19215686274509805],[0.25,0,0.1443375673,0.8660254037883289,-0,0.4999999999932618,0,0,0,1,0.6509803921568628,0.19215686274509805],[0.25,0.09999999999999999,0.1443375673,0.8660254037883289,-0,0.4999999999932618,0,0,0,1,0.6509803921568628,0.19215686274509805],[0,0.09999999999999999,0.5773502692,0.8660254037883289,-0,0.4999999999932618,0,0,0,1,0.6509803921568628,0.19215686274509805]],[[0.25,0,0.1443375673,0.5000000000067384,0,-0.8660254037805483,0,0,0,1,0.6509803921568628,0.19215686274509805],[0,0,0,0.5000000000067384,0,-0.8660254037805483,0,0,0,1,0.6509803921568628,0.19215686274509805],[0,0.09999999999999999,0,0.5000000000067384,0,-0.8660254037805483,0,0,0,1,0.6509803921568628,0.19215686274509805],[0.25,0.09999999999999999,0.1443375673,0.5000000000067384,0,-0.8660254037805483,0,0,0,1,0.6509803921568628,0.19215686274509805]],[[0,0,0,-0.5000000000067384,0,-0.8660254037805483,0,0,0,1,0.6509803921568628,0.19215686274509805],[-0.25,0,0.1443375673,-0.5000000000067384,0,-0.8660254037805483,0,0,0,1,0.6509803921568628,0.19215686274509805],[-0.25,0.09999999999999999,0.1443375673,-0.5000000000067384,0,-0.8660254037805483,0,0,0,1,0.6509803921568628,0.19215686274509805],[0,0.09999999999999999,0,-0.5000000000067384,0,-0.8660254037805483,0,0,0,1,0.6509803921568628,0.19215686274509805]],[[-0.25,0,0.1443375673,-0.8660254037883289,0,0.4999999999932618,0,0,0,1,0.6509803921568628,0.19215686274509805],[0,0,0.5773502692,-0.8660254037883289,0,0.4999999999932618,0,0,0,1,0.6509803921568628,0.19215686274509805],[0,0.09999999999999999,0.5773502692,-0.8660254037883289,0,0.4999999999932618,0,0,0,1,0.6509803921568628,0.19215686274509805],[-0.25,0.09999999999999999,0.1443375673,-0.8660254037883289,0,0.4999999999932618,0,0,0,1,0.6509803921568628,0.19215686274509805]],[[0,0.09999999999999999,0.5773502692,0,1,0,0,0,0,1,0.6509803921568628,0.19215686274509805],[0.25,0.09999999999999999,0.1443375673,0,1,0,0,0,0,1,0.6509803921568628,0.19215686274509805],[0,0.09999999999999999,0,0,1,0,0,0,0,1,0.6509803921568628,0.19215686274509805],[-0.25,0.09999999999999999,0.1443375673,0,1,0,0,0,0,1,0.6509803921568628,0.19215686274509805]]]}