{"bounds":[-0.25,0,0,0.25,0.5,0.5773502692],"polygons":[[[0,0,0.5773502692,0.866025403788329,-0,0.49999999999326183,0,0,0,0.44313725490196076,0.6352941176470588,0.6509803921568628],[0.25,0,0.1443375673,0.866025403788329,-0,0.49999999999326183,0,0,0,0.44313725490196076,0.6352941176470588,0.6509803921568628],[0.25,0.5,0.1443375673,0.866025403788329,-0,0.49999999999326183,0,0,0,0.44313725490196076,0.6352941176470588,0.6509803921568628],[0,0.5,0.5773502692,0.866025403788329,-0,0.49999999999326183,0,0,0,0.44313725490196076,0.6352941176470588,0.6509803921568628]],[[0.25,0,0.1443375673,0.5000000000067384,0,-0.8660254037805483,0,0,0,0.44313725490196076,0.6352941176470588,0.6509803921568628],[0,0,0,0.5000000000067384,0,-0.8660254037805483,0,0,0,0.44313725490196076,0.6352941176470588,0.6509803921568628],[0,0.5,0,0.5000000000067384,0,-0.8660254037805483,0,0,0,0.44313725490196076,0.6352941176470588,0.6509803921568628],[0.25,0.5,0.1443375673,0.5000000000067384,0,-0.8660254037805483,0,0,0,0.44313725490196076,0.6352941176470588,0.6509803921568628]],[[0,0,0,-0.5000000000067384,0,-0.8660254037805483,0,0,0,0.44313725490196076,0.6352941176470588,0.6509803921568628],[-0.25,0,0.1443375673,-0.5000000000067384,0,-0.8660254037805483,0,0,0,0.44313725490196076,0.6352941176470588,0.6509803921568628],[-0.25,0.5,0.1443375673,-0.5000000000067384,0,-0.8660254037805483,0,0,0,0.44313725490196076,0.6352941176470588,0.6509803921568628],[0,0.5,0,-0.5000000000067384,0,-0.8660254037805483,0,0,0,0.44313725490196076,0.6352941176470588,0.6509803921568628]],[[-0.25,0,0.1443375673,-0.866025403788329,0,0.49999999999326183,0,0,0,0.44313725490196076,0.6352941176470588,0.6509803921568628],[0,0,0.5773502692,-0.866025403788329,0,0.49999999999326183,0,0,0,0.44313725490196076,0.6352941176470588,0.6509803921568628],[0,0.5,0.5773502692,-0.866025403788329,0,0.49999999999326183,0,0,0,0.44313725490196076,0.6352941176470588,0.6509803921568628],[-0.25,0.5,0.1443375673,-0.866025403788329,0,0.49999999999326183,0,0,0,0.44313725490196076,0.6352941176470588,0.6509803921568628]]]}