{"bounds":[-0.25,0,-0.07216878365,0.25,0.09999999999999999,0.5773502692],"polygons":[[[0,0,0.5773502692,0.8660254037883289,-0,0.4999999999932618,0,0,0,0.7411764705882353,0.6627450980392157,0.1568627450980392],[0.25,0,0.1443375673,0.8660254037883289,-0,0.4999999999932618,0,0,0,0.7411764705882353,0.6627450980392157,0.1568627450980392],[0.25,0.09999999999999999,0.1443375673,0.8660254037883289,-0,0.4999999999932618,0,0,0,0.7411764705882353,0.6627450980392157,0.1568627450980392],[0,0.09999999999999999,0.5773502692,0.8660254037883289,-0,0.4999999999932618,0,0,0,0.7411764705882353,0.6627450980392157,0.1568627450980392]],[[0.25,0,0.1443375673,0,0,-1,0,0,0,0.7411764705882353,0.6627450980392157,0.1568627450980392],[0,0,0.1443375673,0,0,-1,0,0,0,0.7411764705882353,0.6627450980392157,0.1568627450980392],[0,0.09999999999999999,0.1443375673,0,0,-1,0,0,0,0.7411764705882353,0.6627450980392157,0.1568627450980392],[0.25,0.09999999999999999,0.1443375673,0,0,-1,0,0,0,0.7411764705882353,0.6627450980392157,0.1568627450980392]],[[0,0,0.1443375673,0.866025403788329,-0,0.4999999999932618,0,0,0,0.7411764705882353,0.6627450980392157,0.1568627450980392],[0.125,0,-0.07216878365,0.866025403788329,-0,0.4999999999932618,0,0,0,0.7411764705882353,0.6627450980392157,0.1568627450980392],[0.125,0.09999999999999999,-0.07216878365,0.866025403788329,-0,0.4999999999932618,0,0,0,0.7411764705882353,0.6627450980392157,0.1568627450980392],[0,0.09999999999999999,0.1443375673,0.866025403788329,-0,0.4999999999932618,0,0,0,0.7411764705882353,0.6627450980392157,0.1568627450980392]],[[0.125,0,-0.07216878365,0,0,-1,0,0,0,0.7411764705882353,0.6627450980392157,0.1568627450980392],[-0.125,0,-0.07216878365,0,0,-1,0,0,0,0.7411764705882353,0.6627450980392157,0.1568627450980392],[-0.125,0.09999999999999999,-0.07216878365,0,0,-1,0,0,0,0.7411764705882353,0.6627450980392157,0.1568627450980392],[0.125,0.09999999999999999,-0.07216878365,0,0,-1,0,0,0,0.7411764705882353,0.6627450980392157,0.1568627450980392]],[[-0.125,0,-0.07216878365,-0.866025403788329,0,-0.4999999999932618,0,0,0,0.7411764705882353,0.6627450980392157,0.1568627450980392],[-0.25,0,0.1443375673,-0.866025403788329,0,-0.4999999999932618,0,0,0,0.7411764705882353,0.6627450980392157,0.1568627450980392],[-0.25,0.09999999999999999,0.1443375673,-0.866025403788329,0,-0.4999999999932618,0,0,0,0.7411764705882353,0.6627450980392157,0.1568627450980392],[-0.125,0.09999999999999999,-0.07216878365,-0.866025403788329,0,-0.4999999999932618,0,0,0,0.7411764705882353,0.6627450980392157,0.1568627450980392]],[[-0.25,0,0.1443375673,-0.8660254037883289,0,0.4999999999932618,0,0,0,0.7411764705882353,0.6627450980392157,0.1568627450980392],[0,0,0.5773502692,-0.8660254037883289,0,0.4999999999932618,0,0,0,0.7411764705882353,0.6627450980392157,0.1568627450980392],[0,0.09999999999999999,0.5773502692,-0.8660254037883289,0,0.4999999999932618,0,0,0,0.7411764705882353,0.6627450980392157,0.1568627450980392],[-0.25,0.09999999999999999,0.1443375673,-0.8660254037883289,0,0.4999999999932618,0,0,0,0.7411764705882353,0.6627450980392157,0.1568627450980392]],[[0,0.09999999999999999,0.5773502692,0,1,0,0,0,0,0.7411764705882353,0.6627450980392157,0.1568627450980392],[0.25,0.09999999999999999,0.1443375673,0,1,0,0,0,0,0.7411764705882353,0.6627450980392157,0.1568627450980392],[0,0.09999999999999999,0.1443375673,0,1,0,0,0,0,0.7411764705882353,0.6627450980392157,0.1568627450980392],[0.125,0.09999999999999999,-0.07216878365,0,1,0,0,0,0,0.7411764705882353,0.6627450980392157,0.1568627450980392],[-0.125,0.09999999999999999,-0.07216878365,0,1,0,0,0,0,0.7411764705882353,0.6627450980392157,0.1568627450980392],[-0.25,0.09999999999999999,0.1443375673,0,1,0,0,0,0,0.7411764705882353,0.6627450980392157,0.1568627450980392]]]}