{"bounds":[-0.5,0,-0.2886751346,0.5,0.09999999999999999,0.5773502692],"polygons":[[[0,0,0.5773502692,0.8660254037883289,-0,0.4999999999932618,0,0,0,0.9411764705882353,0.5607843137254902,0.5647058823529412],[0.5,0,-0.2886751346,0.8660254037883289,-0,0.4999999999932618,0,0,0,0.9411764705882353,0.5607843137254902,0.5647058823529412],[0.5,0.09999999999999999,-0.2886751346,0.8660254037883289,-0,0.4999999999932618,0,0,0,0.9411764705882353,0.5607843137254902,0.5647058823529412],[0,0.09999999999999999,0.5773502692,0.8660254037883289,-0,0.4999999999932618,0,0,0,0.9411764705882353,0.5607843137254902,0.5647058823529412]],[[0.5,0,-0.2886751346,0,0,-1,0,0,0,0.9411764705882353,0.5607843137254902,0.5647058823529412],[-0.5,0,-0.2886751346,0,0,-1,0,0,0,0.9411764705882353,0.5607843137254902,0.5647058823529412],[-0.5,0.09999999999999999,-0.2886751346,0,0,-1,0,0,0,0.9411764705882353,0.5607843137254902,0.5647058823529412],[0.5,0.09999999999999999,-0.2886751346,0,0,-1,0,0,0,0.9411764705882353,0.5607843137254902,0.5647058823529412]],[[-0.5,0,-0.2886751346,-0.8660254037883289,0,0.4999999999932618,0,0,0,0.9411764705882353,0.5607843137254902,0.5647058823529412],[0,0,0.5773502692,-0.8660254037883289,0,0.4999999999932618,0,0,0,0.9411764705882353,0.5607843137254902,0.5647058823529412],[0,0.09999999999999999,0.5773502692,-0.8660254037883289,0,0.4999999999932618,0,0,0,0.9411764705882353,0.5607843137254902,0.5647058823529412],[-0.5,0.09999999999999999,-0.2886751346,-0.8660254037883289,0,0.4999999999932618,0,0,0,0.9411764705882353,0.5607843137254902,0.5647058823529412]],[[0,0.09999999999999999,0.5773502692,0,1,0,0,0,0,0.9411764705882353,0.5607843137254902,0.5647058823529412],[0.5,0.09999999999999999,-0.2886751346,0,1,0,0,0,0,0.9411764705882353,0.5607843137254902,0.5647058823529412],[-0.5,0.09999999999999999,-0.2886751346,0,1,0,0,0,0,0.9411764705882353,0.5607843137254902,0.5647058823529412]]]}