{"bounds":[-0.5,0,-0.2886751346,0.5,0.5,0.5773502692],"polygons":[[[0,0,0.5773502692,0.866025403788329,-0,0.49999999999326183,0,0,0,0.44313725490196076,0.6352941176470588,0.6509803921568628],[0.5,0,-0.2886751346,0.866025403788329,-0,0.49999999999326183,0,0,0,0.44313725490196076,0.6352941176470588,0.6509803921568628],[0.5,0.5,-0.2886751346,0.866025403788329,-0,0.49999999999326183,0,0,0,0.44313725490196076,0.6352941176470588,0.6509803921568628],[0,0.5,0.5773502692,0.866025403788329,-0,0.49999999999326183,0,0,0,0.44313725490196076,0.6352941176470588,0.6509803921568628]],[[0.5,0,-0.2886751346,0,0,-1,0,0,0,0.44313725490196076,0.6352941176470588,0.6509803921568628],[-0.5,0,-0.2886751346,0,0,-1,0,0,0,0.44313725490196076,0.6352941176470588,0.6509803921568628],[-0.5,0.5,-0.2886751346,0,0,-1,0,0,0,0.44313725490196076,0.6352941176470588,0.6509803921568628],[0.5,0.5,-0.2886751346,0,0,-1,0,0,0,0.44313725490196076,0.6352941176470588,0.6509803921568628]],[[-0.5,0,-0.2886751346,-0.866025403788329,0,0.49999999999326183,0,0,0,0.44313725490196076,0.6352941176470588,0.6509803921568628],[0,0,0.5773502692,-0.866025403788329,0,0.49999999999326183,0,0,0,0.44313725490196076,0.6352941176470588,0.6509803921568628],[0,0.5,0.5773502692,-0.866025403788329,0,0.49999999999326183,0,0,0,0.44313725490196076,0.6352941176470588,0.6509803921568628],[-0.5,0.5,-0.2886751346,-0.866025403788329,0,0.49999999999326183,0,0,0,0.44313725490196076,0.6352941176470588,0.6509803921568628]]]}