{"bounds":[-0.5,0,-0.2886751346,0.5,0.5,0.5773502692],"polygons":[[[0,0,0.5773502692,0.866025403788329,-0,0.49999999999326183,0,0,0,0.22745098039215686,0.1411764705882353,0.23137254901960785],[0.5,0,-0.2886751346,0.866025403788329,-0,0.49999999999326183,0,0,0,0.22745098039215686,0.1411764705882353,0.23137254901960785],[0.5,0.5,-0.2886751346,0.866025403788329,-0,0.49999999999326183,0,0,0,0.22745098039215686,0.1411764705882353,0.23137254901960785],[0,0.5,0.5773502692,0.866025403788329,-0,0.49999999999326183,0,0,0,0.22745098039215686,0.1411764705882353,0.23137254901960785]],[[0.5,0,-0.2886751346,0,0,-1,0,0,0,0.22745098039215686,0.1411764705882353,0.23137254901960785],[-0.5,0,-0.2886751346,0,0,-1,0,0,0,0.22745098039215686,0.1411764705882353,0.23137254901960785],[-0.5,0.5,-0.2886751346,0,0,-1,0,0,0,0.22745098039215686,0.1411764705882353,0.23137254901960785],[0.5,0.5,-0.2886751346,0,0,-1,0,0,0,0.22745098039215686,0.1411764705882353,0.23137254901960785]],[[-0.5,0,-0.2886751346,-0.866025403788329,0,0.49999999999326183,0,0,0,0.22745098039215686,0.1411764705882353,0.23137254901960785],[0,0,0.5773502692,-0.866025403788329,0,0.49999999999326183,0,0,0,0.22745098039215686,0.1411764705882353,0.23137254901960785],[0,0.5,0.5773502692,-0.866025403788329,0,0.49999999999326183,0,0,0,0.22745098039215686,0.1411764705882353,0.23137254901960785],[-0.5,0.5,-0.2886751346,-0.866025403788329,0,0.49999999999326183,0,0,0,0.22745098039215686,0.1411764705882353,0.23137254901960785]]]}