{"bounds":[-0.5,0,-0.2886751346,0.5,0.09999999999999999,0.5773502692],"polygons":[[[0,0,0.5773502692,0.8660254037883289,-0,0.4999999999932618,0,0,0,0.7411764705882353,0.6627450980392157,0.1568627450980392],[0.5,0,-0.2886751346,0.8660254037883289,-0,0.4999999999932618,0,0,0,0.7411764705882353,0.6627450980392157,0.1568627450980392],[0.5,0.09999999999999999,-0.2886751346,0.8660254037883289,-0,0.4999999999932618,0,0,0,0.7411764705882353,0.6627450980392157,0.1568627450980392],[0,0.09999999999999999,0.5773502692,0.8660254037883289,-0,0.4999999999932618,0,0,0,0.7411764705882353,0.6627450980392157,0.1568627450980392]],[[0.5,0,-0.2886751346,0,0,-1,0,0,0,0.7411764705882353,0.6627450980392157,0.1568627450980392],[-0.5,0,-0.2886751346,0,0,-1,0,0,0,0.7411764705882353,0.6627450980392157,0.1568627450980392],[-0.5,0.09999999999999999,-0.2886751346,0,0,-1,0,0,0,0.7411764705882353,0.6627450980392157,0.1568627450980392],[0.5,0.09999999999999999,-0.2886751346,0,0,-1,0,0,0,0.7411764705882353,0.6627450980392157,0.1568627450980392]],[[-0.5,0,-0.2886751346,-0.8660254037883289,0,0.4999999999932618,0,0,0,0.7411764705882353,0.6627450980392157,0.1568627450980392],[0,0,0.5773502692,-0.8660254037883289,0,0.4999999999932618,0,0,0,0.7411764705882353,0.6627450980392157,0.1568627450980392],[0,0.09999999999999999,0.5773502692,-0.8660254037883289,0,0.4999999999932618,0,0,0,0.7411764705882353,0.6627450980392157,0.1568627450980392],[-0.5,0.09999999999999999,-0.2886751346,-0.8660254037883289,0,0.4999999999932618,0,0,0,0.7411764705882353,0.6627450980392157,0.1568627450980392]],[[0,0.09999999999999999,0.5773502692,0,1,0,0,0,0,0.7411764705882353,0.6627450980392157,0.1568627450980392],[0.5,0.09999999999999999,-0.2886751346,0,1,0,0,0,0,0.7411764705882353,0.6627450980392157,0.1568627450980392],[-0.5,0.09999999999999999,-0.2886751346,0,1,0,0,0,0,0.7411764705882353,0.6627450980392157,0.1568627450980392]]]}