{"bounds":[-0.5,0,-0.2886751346,0.5,0.5,0.5773502692],"polygons":[[[0,0,0.5773502692,0.866025403788329,-0,0.49999999999326183,0,0,0,0.796078431372549,0.49411764705882355,0.12156862745098039],[0.5,0,-0.2886751346,0.866025403788329,-0,0.49999999999326183,0,0,0,0.796078431372549,0.49411764705882355,0.12156862745098039],[0.5,0.5,-0.2886751346,0.866025403788329,-0,0.49999999999326183,0,0,0,0.796078431372549,0.49411764705882355,0.12156862745098039],[0,0.5,0.5773502692,0.866025403788329,-0,0.49999999999326183,0,0,0,0.796078431372549,0.49411764705882355,0.12156862745098039]],[[0.5,0,-0.2886751346,0,0,-1,0,0,0,0.796078431372549,0.49411764705882355,0.12156862745098039],[-0.5,0,-0.2886751346,0,0,-1,0,0,0,0.796078431372549,0.49411764705882355,0.12156862745098039],[-0.5,0.5,-0.2886751346,0,0,-1,0,0,0,0.796078431372549,0.49411764705882355,0.12156862745098039],[0.5,0.5,-0.2886751346,0,0,-1,0,0,0,0.796078431372549,0.49411764705882355,0.12156862745098039]],[[-0.5,0,-0.2886751346,-0.866025403788329,0,0.49999999999326183,0,0,0,0.796078431372549,0.49411764705882355,0.12156862745098039],[0,0,0.5773502692,-0.866025403788329,0,0.49999999999326183,0,0,0,0.796078431372549,0.49411764705882355,0.12156862745098039],[0,0.5,0.5773502692,-0.866025403788329,0,0.49999999999326183,0,0,0,0.796078431372549,0.49411764705882355,0.12156862745098039],[-0.5,0.5,-0.2886751346,-0.866025403788329,0,0.49999999999326183,0,0,0,0.796078431372549,0.49411764705882355,0.12156862745098039]]]}