{"bounds":[-0.25,0,-0.07216878365,0.25,0.5,0.5773502692],"polygons":[[[0,0,0.5773502692,0.866025403788329,-0,0.49999999999326183,0,0,0,0.3254901960784314,0.2901960784313726,0.19607843137254902],[0.25,0,0.1443375673,0.866025403788329,-0,0.49999999999326183,0,0,0,0.3254901960784314,0.2901960784313726,0.19607843137254902],[0.25,0.5,0.1443375673,0.866025403788329,-0,0.49999999999326183,0,0,0,0.3254901960784314,0.2901960784313726,0.19607843137254902],[0,0.5,0.5773502692,0.866025403788329,-0,0.49999999999326183,0,0,0,0.3254901960784314,0.2901960784313726,0.19607843137254902]],[[0.25,0,0.1443375673,0,0,-1,0,0,0,0.3254901960784314,0.2901960784313726,0.19607843137254902],[0,0,0.1443375673,0,0,-1,0,0,0,0.3254901960784314,0.2901960784313726,0.19607843137254902],[0,0.5,0.1443375673,0,0,-1,0,0,0,0.3254901960784314,0.2901960784313726,0.19607843137254902],[0.25,0.5,0.1443375673,0,0,-1,0,0,0,0.3254901960784314,0.2901960784313726,0.19607843137254902]],[[0,0,0.1443375673,0.866025403788329,0,-0.4999999999932617,0,0,0,0.3254901960784314,0.2901960784313726,0.19607843137254902],[-0.125,0,-0.07216878365,0.866025403788329,0,-0.4999999999932617,0,0,0,0.3254901960784314,0.2901960784313726,0.19607843137254902],[-0.125,0.5,-0.07216878365,0.866025403788329,0,-0.4999999999932617,0,0,0,0.3254901960784314,0.2901960784313726,0.19607843137254902],[0,0.5,0.1443375673,0.866025403788329,0,-0.4999999999932617,0,0,0,0.3254901960784314,0.2901960784313726,0.19607843137254902]],[[-0.125,0,-0.07216878365,-0.866025403788329,0,-0.4999999999932617,0,0,0,0.3254901960784314,0.2901960784313726,0.19607843137254902],[-0.25,0,0.1443375673,-0.866025403788329,0,-0.4999999999932617,0,0,0,0.3254901960784314,0.2901960784313726,0.19607843137254902],[-0.25,0.5,0.1443375673,-0.866025403788329,0,-0.4999999999932617,0,0,0,0.3254901960784314,0.2901960784313726,0.19607843137254902],[-0.125,0.5,-0.07216878365,-0.866025403788329,0,-0.4999999999932617,0,0,0,0.3254901960784314,0.2901960784313726,0.19607843137254902]],[[-0.25,0,0.1443375673,-0.866025403788329,0,0.49999999999326183,0,0,0,0.3254901960784314,0.2901960784313726,0.19607843137254902],[0,0,0.5773502692,-0.866025403788329,0,0.49999999999326183,0,0,0,0.3254901960784314,0.2901960784313726,0.19607843137254902],[0,0.5,0.5773502692,-0.866025403788329,0,0.49999999999326183,0,0,0,0.3254901960784314,0.2901960784313726,0.19607843137254902],[-0.25,0.5,0.1443375673,-0.866025403788329,0,0.49999999999326183,0,0,0,0.3254901960784314,0.2901960784313726,0.19607843137254902]]]}