{"bounds":[-0.749999999994,0,-0.50518148555,2.249999999994,1,2.52590742775],"polygons":[[[0.125,0,2.52590742775,0,0,1,0,0,0,1,0,0],[0.875,0,2.52590742775,0,0,1,0,0,0,1,0,0],[0.875,1,2.52590742775,0,0,1,0,0,0,1,0,0],[0.125,1,2.52590742775,0,0,1,0,0,0,1,0,0]],[[1,1,2.3094010768,-0,1,0,0,0,0,1,1,0],[0,1,2.3094010768,-0,1,0,0,0,0,1,1,0],[0.125,1,2.52590742775,-0,1,0,0,0,0,1,1,0],[0.875,1,2.52590742775,-0,1,0,0,0,0,1,1,0]],[[[1.624999999994,0,1.6598820239479999,0.8660254037844384,0,0.5000000000000002,0,0,0,0,0,1],[1.749999999994,0,1.443375673002,0.8660254037844384,0,0.5000000000000002,0,0,0,0,0,1],[1.749999999994,1,1.443375673002,0.8660254037844384,0,0.5000000000000002,0,0,0,0,0,1],[1.624999999994,1,1.6598820239479999,0.8660254037844384,0,0.5000000000000002,0,0,0,0,0,1]],[0.8660254037844384,0,0.5000000000000002,2.2372322931185167]],[[1.4999999999909999,1,1.443375673,0,1,0,0,0,0,0,1,0],[1.624999999994,1,1.6598820239479999,0,1,0,0,0,0,0,1,0],[1.749999999994,1,1.443375673002,0,1,0,0,0,0,0,1,0]],[[[1.249999999999,0,2.309401076794,0.8660254037844386,0,0.5000000000000001,0,0,0,1,0,0],[1.624999999999,0,1.659882023956,0.8660254037844386,0,0.5000000000000001,0,0,0,1,0,0],[1.624999999999,1,1.659882023956,0.8660254037844386,0,0.5000000000000001,0,0,0,1,0,0],[1.249999999999,1,2.309401076794,0.8660254037844386,0,0.5000000000000001,0,0,0,1,0,0]],[0.8660254037844386,0,0.5000000000000001,2.2372322931266826]],[[1.4999999999959999,1,1.443375673008,0,1,0,0,0,0,1,1,0],[0.999999999996,1,2.309401076792,0,1,0,0,0,0,1,1,0],[1.249999999999,1,2.309401076794,0,1,0,0,0,0,1,1,0],[1.624999999999,1,1.659882023956,0,1,0,0,0,0,1,1,0]],[[[-0.124999999999,0,0.793856620156,-0.8660254037844386,0,0.5000000000000001,0,0,0,1,0,0],[0.250000000001,0,1.443375672994,-0.8660254037844386,0,0.5000000000000001,0,0,0,1,0,0],[0.250000000001,1,1.443375672994,-0.8660254037844386,0,0.5000000000000001,0,0,0,1,0,0],[-0.124999999999,1,0.793856620156,-0.8660254037844386,0,0.5000000000000001,0,0,0,1,0,0]],[-0.8660254037844386,0,0.5000000000000001,0.5051814855501889]],[[0.500000000004,1,1.443375672992,0,1,0,0,0,0,1,1,0],[4e-12,1,0.577350269208,0,1,0,0,0,0,1,1,0],[-0.124999999999,1,0.793856620156,0,1,0,0,0,0,1,1,0],[0.250000000001,1,1.443375672994,0,1,0,0,0,0,1,1,0]],[[[2.249999999994,0,0.577350269198,0.8660254037844386,0,-0.5000000000000001,0,0,0,0,0,1],[2.124999999994,0,0.360843918252,0.8660254037844386,0,-0.5000000000000001,0,0,0,0,0,1],[2.124999999994,1,0.360843918252,0.8660254037844386,0,-0.5000000000000001,0,0,0,0,0,1],[2.249999999994,1,0.577350269198,0.8660254037844386,0,-0.5000000000000001,0,0,0,0,0,1]],[0.8660254037844386,0,-0.5000000000000001,1.6598820239107908]],[[1.9999999999909999,1,0.5773502692,0,1,0,0,0,0,0,1,0],[2.249999999994,1,0.577350269198,0,1,0,0,0,0,0,1,0],[2.124999999994,1,0.360843918252,0,1,0,0,0,0,0,1,0]],[[[-0.249999999994,0,2.309401076802,-0.8660254037844388,0,0.4999999999999998,0,0,0,0,0,1],[-0.124999999994,0,2.525907427748,-0.8660254037844388,0,0.4999999999999998,0,0,0,0,0,1],[-0.124999999994,1,2.525907427748,-0.8660254037844388,0,0.4999999999999998,0,0,0,0,0,1],[-0.249999999994,1,2.309401076802,-0.8660254037844388,0,0.4999999999999998,0,0,0,0,0,1]],[-0.8660254037844388,0,0.4999999999999998,1.3712068893419131]],[[9e-12,1,2.3094010768,0,1,0,0,0,0,0,1,0],[-0.249999999994,1,2.309401076802,0,1,0,0,0,0,0,1,0],[-0.124999999994,1,2.525907427748,0,1,0,0,0,0,0,1,0]],[[[2.124999999994,0,0.793856620148,0.8660254037844384,0,0.5000000000000002,0,0,0,0,0,1],[2.249999999994,0,0.5773502692019999,0.8660254037844384,0,0.5000000000000002,0,0,0,0,0,1],[2.249999999994,1,0.5773502692019999,0.8660254037844384,0,0.5000000000000002,0,0,0,0,0,1],[2.124999999994,1,0.793856620148,0.8660254037844384,0,0.5000000000000002,0,0,0,0,0,1]],[0.8660254037844384,0,0.5000000000000002,2.2372322931107353]],[[1.9999999999909999,1,0.5773502692,0,1,0,0,0,0,0,1,0],[2.124999999994,1,0.793856620148,0,1,0,0,0,0,0,1,0],[2.249999999994,1,0.5773502692019999,0,1,0,0,0,0,0,1,0]],[[[-0.249999999994,0,0.5773502692019999,-0.8660254037844388,0,0.4999999999999998,0,0,0,0,0,1],[-0.124999999994,0,0.793856620148,-0.8660254037844388,0,0.4999999999999998,0,0,0,0,0,1],[-0.124999999994,1,0.793856620148,-0.8660254037844388,0,0.4999999999999998,0,0,0,0,0,1],[-0.249999999994,1,0.5773502692019999,-0.8660254037844388,0,0.4999999999999998,0,0,0,0,0,1]],[-0.8660254037844388,0,0.4999999999999998,0.5051814855419134]],[[9e-12,1,0.5773502692,0,1,0,0,0,0,0,1,0],[-0.249999999994,1,0.5773502692019999,0,1,0,0,0,0,0,1,0],[-0.124999999994,1,0.793856620148,0,1,0,0,0,0,0,1,0]],[[[1.875,0,0.36084391825,-1.2246467991473532e-16,0,-1,0,0,0,1,0,0],[1.125,0,0.36084391825,-1.2246467991473532e-16,0,-1,0,0,0,1,0,0],[1.125,1,0.36084391825,-1.2246467991473532e-16,0,-1,0,0,0,1,0,0],[1.875,1,0.36084391825,-1.2246467991473532e-16,0,-1,0,0,0,1,0,0]],[-1.2246467991473532e-16,0,-1,-0.36084391825000023]],[[1,1,0.5773502692,0,1,0,0,0,0,1,1,0],[2,1,0.5773502692,0,1,0,0,0,0,1,1,0],[1.875,1,0.36084391825,0,1,0,0,0,0,1,1,0],[1.125,1,0.36084391825,0,1,0,0,0,0,1,1,0]],[[[1.124999999999,0,0.360843918244,0.8660254037844388,0,-0.4999999999999998,0,0,0,1,0,0],[0.749999999999,0,-0.288675134594,0.8660254037844388,0,-0.4999999999999998,0,0,0,1,0,0],[0.749999999999,1,-0.288675134594,0.8660254037844388,0,-0.4999999999999998,0,0,0,1,0,0],[1.124999999999,1,0.360843918244,0.8660254037844388,0,-0.4999999999999998,0,0,0,1,0,0]],[0.8660254037844388,0,-0.4999999999999998,0.7938566201346277]],[[0.499999999996,1,-0.288675134592,0,1,0,0,0,0,1,1,0],[0.999999999996,1,0.5773502691919999,0,1,0,0,0,0,1,1,0],[1.124999999999,1,0.360843918244,0,1,0,0,0,0,1,1,0],[0.749999999999,1,-0.288675134594,0,1,0,0,0,0,1,1,0]],[[-0.375,0,-0.50518148555,0,0,-1,0,0,0,0,0,1],[-0.625,0,-0.50518148555,0,0,-1,0,0,0,0,0,1],[-0.625,1,-0.50518148555,0,0,-1,0,0,0,0,0,1],[-0.375,1,-0.50518148555,0,0,-1,0,0,0,0,0,1]],[[-0.5,1,-0.2886751346,0,1,-0,0,0,0,0,1,0],[-0.375,1,-0.50518148555,0,1,-0,0,0,0,0,1,0],[-0.625,1,-0.50518148555,0,1,-0,0,0,0,0,1,0]],[[[-0.124999999994,0,2.092894725852,-0.8660254037844386,0,-0.5000000000000001,0,0,0,0,0,1],[-0.249999999994,0,2.3094010767979998,-0.8660254037844386,0,-0.5000000000000001,0,0,0,0,0,1],[-0.249999999994,1,2.3094010767979998,-0.8660254037844386,0,-0.5000000000000001,0,0,0,0,0,1],[-0.124999999994,1,2.092894725852,-0.8660254037844386,0,-0.5000000000000001,0,0,0,0,0,1]],[-0.8660254037844386,0,-0.5000000000000001,-0.9381941874581416]],[[9e-12,1,2.3094010768,0,1,0,0,0,0,0,1,0],[-0.124999999994,1,2.092894725852,0,1,0,0,0,0,0,1,0],[-0.249999999994,1,2.3094010767979998,0,1,0,0,0,0,0,1,0]],[[[0.250000000001,0,1.443375673006,-0.8660254037844384,0,-0.5000000000000002,0,0,0,1,0,0],[-0.124999999999,0,2.092894725844,-0.8660254037844384,0,-0.5000000000000002,0,0,0,1,0,0],[-0.124999999999,1,2.092894725844,-0.8660254037844384,0,-0.5000000000000002,0,0,0,1,0,0],[0.250000000001,1,1.443375673006,-0.8660254037844384,0,-0.5000000000000002,0,0,0,1,0,0]],[-0.8660254037844384,0,-0.5000000000000002,-0.9381941874499758]],[[4e-12,1,2.309401076792,0,1,0,0,0,0,1,1,0],[0.500000000004,1,1.443375673008,0,1,0,0,0,0,1,1,0],[0.250000000001,1,1.443375673006,0,1,0,0,0,0,1,1,0],[-0.124999999999,1,2.092894725844,0,1,0,0,0,0,1,1,0]],[[[0.875,0,2.52590742775,1.2246467991473532e-16,0,1,0,0,0,0,0,1],[1.125,0,2.52590742775,1.2246467991473532e-16,0,1,0,0,0,0,0,1],[1.125,1,2.52590742775,1.2246467991473532e-16,0,1,0,0,0,0,0,1],[0.875,1,2.52590742775,1.2246467991473532e-16,0,1,0,0,0,0,0,1]],[1.2246467991473532e-16,0,1,2.52590742775]],[[1,1,2.3094010768,0,1,0,0,0,0,0,1,0],[0.875,1,2.52590742775,0,1,0,0,0,0,0,1,0],[1.125,1,2.52590742775,0,1,0,0,0,0,0,1,0]],[[[1.124999999994,0,2.525907427748,0.8660254037844384,0,0.5000000000000002,0,0,0,0,0,1],[1.249999999994,0,2.309401076802,0.8660254037844384,0,0.5000000000000002,0,0,0,0,0,1],[1.249999999994,1,2.309401076802,0.8660254037844384,0,0.5000000000000002,0,0,0,0,0,1],[1.124999999994,1,2.525907427748,0.8660254037844384,0,0.5000000000000002,0,0,0,0,0,1]],[0.8660254037844384,0,0.5000000000000002,