{"bounds":[-0.749999999994,0,-1.37120688935,2.749999999994,1,1.65988202395],"polygons":[[[1.625,0,1.65988202395,0,0,1,0,0,0,1,0,0],[2.375,0,1.65988202395,0,0,1,0,0,0,1,0,0],[2.375,1,1.65988202395,0,0,1,0,0,0,1,0,0],[1.625,1,1.65988202395,0,0,1,0,0,0,1,0,0]],[[2.5,1,1.443375673,-0,1,0,0,0,0,1,1,0],[1.5,1,1.443375673,-0,1,0,0,0,0,1,1,0],[1.625,1,1.65988202395,-0,1,0,0,0,0,1,1,0],[2.375,1,1.65988202395,-0,1,0,0,0,0,1,1,0]],[[[0.250000000006,0,1.443375673002,-0.8660254037844388,0,0.4999999999999998,0,0,0,0,0,1],[0.375000000006,0,1.6598820239479999,-0.8660254037844388,0,0.4999999999999998,0,0,0,0,0,1],[0.375000000006,1,1.6598820239479999,-0.8660254037844388,0,0.4999999999999998,0,0,0,0,0,1],[0.250000000006,1,1.443375673002,-0.8660254037844388,0,0.4999999999999998,0,0,0,0,0,1]],[-0.8660254037844388,0,0.4999999999999998,0.5051814855496939]],[[0.500000000009,1,1.443375673,0,1,0,0,0,0,0,1,0],[0.250000000006,1,1.443375673002,0,1,0,0,0,0,0,1,0],[0.375000000006,1,1.6598820239479999,0,1,0,0,0,0,0,1,0]],[[[0.249999999994,0,-1.154700538402,0.8660254037844386,0,-0.5000000000000001,0,0,0,0,0,1],[0.124999999994,0,-1.371206889348,0.8660254037844386,0,-0.5000000000000001,0,0,0,0,0,1],[0.124999999994,1,-1.371206889348,0.8660254037844386,0,-0.5000000000000001,0,0,0,0,0,1],[0.249999999994,1,-1.154700538402,0.8660254037844386,0,-0.5000000000000001,0,0,0,0,0,1]],[0.8660254037844386,0,-0.5000000000000001,0.7938566201419136]],[[-9e-12,1,-1.1547005384,0,1,0,0,0,0,0,1,0],[0.249999999994,1,-1.154700538402,0,1,0,0,0,0,0,1,0],[0.124999999994,1,-1.371206889348,0,1,0,0,0,0,0,1,0]],[[2.125,0,0.36084391825,0,0,-1,0,0,0,0,0,1],[1.875,0,0.36084391825,0,0,-1,0,0,0,0,0,1],[1.875,1,0.36084391825,0,0,-1,0,0,0,0,0,1],[2.125,1,0.36084391825,0,0,-1,0,0,0,0,0,1]],[[2,1,0.5773502692,0,1,-0,0,0,0,0,1,0],[2.125,1,0.36084391825,0,1,-0,0,0,0,0,1,0],[1.875,1,0.36084391825,0,1,-0,0,0,0,0,1,0]],[[[1.875,0,0.36084391825,-1.2246467991473532e-16,0,-1,0,0,0,1,0,0],[1.125,0,0.36084391825,-1.2246467991473532e-16,0,-1,0,0,0,1,0,0],[1.125,1,0.36084391825,-1.2246467991473532e-16,0,-1,0,0,0,1,0,0],[1.875,1,0.36084391825,-1.2246467991473532e-16,0,-1,0,0,0,1,0,0]],[-1.2246467991473532e-16,0,-1,-0.36084391825000023]],[[1,1,0.5773502692,0,1,0,0,0,0,1,1,0],[2,1,0.5773502692,0,1,0,0,0,0,1,1,0],[1.875,1,0.36084391825,0,1,0,0,0,0,1,1,0],[1.125,1,0.36084391825,0,1,0,0,0,0,1,1,0]],[[[1.124999999999,0,0.360843918244,0.8660254037844388,0,-0.4999999999999998,0,0,0,1,0,0],[0.749999999999,0,-0.288675134594,0.8660254037844388,0,-0.4999999999999998,0,0,0,1,0,0],[0.749999999999,1,-0.288675134594,0.8660254037844388,0,-0.4999999999999998,0,0,0,1,0,0],[1.124999999999,1,0.360843918244,0.8660254037844388,0,-0.4999999999999998,0,0,0,1,0,0]],[0.8660254037844388,0,-0.4999999999999998,0.7938566201346277]],[[0.499999999996,1,-0.288675134592,0,1,0,0,0,0,1,1,0],[0.999999999996,1,0.5773502691919999,0,1,0,0,0,0,1,1,0],[1.124999999999,1,0.360843918244,0,1,0,0,0,0,1,1,0],[0.749999999999,1,-0.288675134594,0,1,0,0,0,0,1,1,0]],[[[-0.124999999994,0,-1.371206889348,-0.8660254037844386,0,-0.5000000000000001,0,0,0,0,0,1],[-0.249999999994,0,-1.154700538402,-0.8660254037844386,0,-0.5000000000000001,0,0,0,0,0,1],[-0.249999999994,1,-1.154700538402,-0.8660254037844386,0,-0.5000000000000001,0,0,0,0,0,1],[-0.124999999994,1,-1.371206889348,-0.8660254037844386,0,-0.5000000000000001,0,0,0,0,0,1]],[-0.8660254037844386,0,-0.5000000000000001,0.7938566201418588]],[[9e-12,1,-1.1547005384,0,1,0,0,0,0,0,1,0],[-0.124999999994,1,-1.371206889348,0,1,0,0,0,0,0,1,0],[-0.249999999994,1,-1.154700538402,0,1,0,0,0,0,0,1,0]],[[[-0.749999999994,0,-0.288675134598,-0.8660254037844388,0,0.4999999999999998,0,0,0,0,0,1],[-0.624999999994,0,-0.072168783652,-0.8660254037844388,0,0.4999999999999998,0,0,0,0,0,1],[-0.624999999994,1,-0.072168783652,-0.8660254037844388,0,0.4999999999999998,0,0,0,0,0,1],[-0.749999999994,1,-0.288675134598,-0.8660254037844388,0,0.4999999999999998,0,0,0,0,0,1]],[-0.8660254037844388,0,0.4999999999999998,0.505181485534133]],[[-0.499999999991,1,-0.2886751346,0,1,0,0,0,0,0,1,0],[-0.749999999994,1,-0.288675134598,0,1,0,0,0,0,0,1,0],[-0.624999999994,1,-0.072168783652,0,1,0,0,0,0,0,1,0]],[[[0.749999999994,0,-0.288675134602,0.8660254037844386,0,-0.5000000000000001,0,0,0,0,0,1],[0.624999999994,0,-0.505181485548,0.8660254037844386,0,-0.5000000000000001,0,0,0,0,0,1],[0.624999999994,1,-0.505181485548,0.8660254037844386,0,-0.5000000000000001,0,0,0,0,0,1],[0.749999999994,1,-0.288675134602,0.8660254037844386,0,-0.5000000000000001,0,0,0,0,0,1]],[0.8660254037844386,0,-0.5000000000000001,0.7938566201341328]],[[0.499999999991,1,-0.2886751346,0,1,0,0,0,0,0,1,0],[0.749999999994,1,-0.288675134602,0,1,0,0,0,0,0,1,0],[0.624999999994,1,-0.505181485548,0,1,0,0,0,0,0,1,0]],[[[2.249999999994,0,0.577350269198,0.8660254037844386,0,-0.5000000000000001,0,0,0,0,0,1],[2.124999999994,0,0.360843918252,0.8660254037844386,0,-0.5000000000000001,0,0,0,0,0,1],[2.124999999994,1,0.360843918252,0.8660254037844386,0,-0.5000000000000001,0,0,0,0,0,1],[2.249999999994,1,0.577350269198,0.8660254037844386,0,-0.5000000000000001,0,0,0,0,0,1]],[0.8660254037844386,0,-0.5000000000000001,1.6598820239107908]],[[1.9999999999909999,1,0.5773502692,0,1,0,0,0,0,0,1,0],[2.249999999994,1,0.577350269198,0,1,0,0,0,0,0,1,0],[2.124999999994,1,0.360843918252,0,1,0,0,0,0,0,1,0]],[[[2.375,0,1.65988202395,1.2246467991473532e-16,0,1,0,0,0,0,0,1],[2.625,0,1.65988202395,1.2246467991473532e-16,0,1,0,0,0,0,0,1],[2.625,1,1.65988202395,1.2246467991473532e-16,0,1,0,0,0,0,0,1],[2.375,1,1.65988202395,1.2246467991473532e-16,0,1,0,0,0,0,0,1]],[1.2246467991473532e-16,0,1,1.6598820239500003]],[[2.5,1,1.443375673,0,1,0,0,0,0,0,1,0],[2.375,1,1.65988202395,0,1,0,0,0,0,0,1,0],[2.625,1,1.65988202395,0,1,0,0,0,0,0,1,0]],[[[2.624999999999,0,1.226869322044,0.8660254037844388,0,-0.4999999999999998,0,0,0,1,0,0],[2.249999999999,0,0.577350269206,0.8660254037844388,0,-0.4999999999999998,0,0,0,1,0,0],[2.249999999999,1,0.577350269206,0.8660254037844388,0,-0.4999999999999998,0,0,0,1,0,0],[2.624999999999,1,1.226869322044,0.8660254037844388,0,-0.4999999999999998,0,0,0,1,0,0]],[0.8660254037844388,0,-0.4999999999999998,1.6598820239112864]],[[1.9999999999959999,1,0.577350269208,0,1,0,0,0,0,1,1,0],[2.499999999996,1,1.443375672992,0,1,0,0,0,0,1,1,0],[2.624999999999,1,1.226869322044,0,1,0,0,0,0,1,1,0],[2.249999999999,1,0.577350269206,0,1,0,0,0,0,1,1,0]],[[[0.624999999999,0,-0.505181485556,0.8660254037844388,0,-0.4999999999999998,0,0,0,1,0,0],[0.249999999999,0,-1.1547005383939999,0.8660254037844388,0,-0.4999999999999998,0,0,0,1,0,0],[0.249999999999,1,-1.1547005383939999,0.8660254037844388,0,-0.4999999999999998,0,0,0,1,0,0],[0.624999999999,1,-0.505181485556,0.8660254037844388,0,-0.4999999999999998,0,0,0,1,0,0]],[0.8660254037844388,0,-0.4999999999999998,0.7938566201424081]],[[-4e-12,1,-1.154700538392,0,1,0,0,0,0,1,1,0],[0.499999999996,1,-0.288675134608,0,1,0,0,0,0,1,1,0],[0.624999999999,1,-0.505181485556,0,1,0,0,0,0,1,1,0],[0.249999999999,1,-1.1547005383939999,0,1,0,0,0,0,1,1,0]],[[0.125,0,-1.37120688935,0,0,-1,0,0,0,0,0,1],[-0.125,0,-1.37120688935,0,0,-1,0,0,0,0,0,1],[-0.125,1,-1.37120688935,0,0,-1,0,0,0,0,0,1],[0.125,1,-1.37120688935,0,0,-1,0,0,0,0,0,1]],[[0,1,-1.1547005384,0,1,-0,0,0,0,0,1,0],[0.125,1,-1.37120688935,0,1,-0,0,0,0,0,1,0],[-0.125,1,-1.37120688935,0,1,-0,0,0,0,0,1,0]],[[[2.624999999994,0,1.6598820239479999,0.8660254037844384,0,0.5000000000000002,0,0,0,0,0,1],[2.749999999994,0,1.443375673002,0.8660254037844384,0,0.5000000000000002,0,0,0,0,0,1],[2.749999999994,1,1.443375673002,0.8660254037844384,0,0.5000000000000002,0,0,0,0,0,1],[2.624999999994,1,1.6598820239479999,0.8660254037844384,0,0.5000000000000002,0,0,0,0,0,1]],[0.8660254037844384,0,0.5000000000000002,3.1032576969029546]],[[2.499999999991,1,1.443375673,0,1,0,0,0,0,0,1,0],[2.624999999994,1,1.6598820239479999,0,1,0,0,0,0,0,1,0],[2.749999999994,1,1.443375673002,0,1,0,0,0,0,0,1,0]],[[[0.375,0,1.65988202395,1.2246467991473532e-16,0,1,0,0,0,0,0,1],[0.625,0,1.65988202395,1.2246467991473532e-16,0,1,0,0,0,0,0,