{"bounds":[-1.249999999994,0,-2.23723229315,1.249999999994,1,0.79385662015],"polygons":[[[[0.375,0,-2.23723229315,-1.2246467991473532e-16,0,-1,0,0,0,1,0,0],[-0.375,0,-2.23723229315,-1.2246467991473532e-16,0,-1,0,0,0,1,0,0],[-0.375,1,-2.23723229315,-1.2246467991473532e-16,0,-1,0,0,0,1,0,0],[0.375,1,-2.23723229315,-1.2246467991473532e-16,0,-1,0,0,0,1,0,0]],[-1.2246467991473532e-16,0,-1,2.23723229315]],[[-0.5,1,-2.0207259422,0,1,0,0,0,0,1,1,0],[0.5,1,-2.0207259422,0,1,0,0,0,0,1,1,0],[0.375,1,-2.23723229315,0,1,0,0,0,0,1,1,0],[-0.375,1,-2.23723229315,0,1,0,0,0,0,1,1,0]],[[0.625,0,-2.23723229315,0,0,-1,0,0,0,0,0,1],[0.375,0,-2.23723229315,0,0,-1,0,0,0,0,0,1],[0.375,1,-2.23723229315,0,0,-1,0,0,0,0,0,1],[0.625,1,-2.23723229315,0,0,-1,0,0,0,0,0,1]],[[0.5,1,-2.0207259422,0,1,-0,0,0,0,0,1,0],[0.625,1,-2.23723229315,0,1,-0,0,0,0,0,1,0],[0.375,1,-2.23723229315,0,1,-0,0,0,0,0,1,0]],[[[1.124999999999,0,-1.3712068893559999,0.8660254037844388,0,-0.4999999999999998,0,0,0,1,0,0],[0.749999999999,0,-2.020725942194,0.8660254037844388,0,-0.4999999999999998,0,0,0,1,0,0],[0.749999999999,1,-2.020725942194,0.8660254037844388,0,-0.4999999999999998,0,0,0,1,0,0],[1.124999999999,1,-1.3712068893559999,0.8660254037844388,0,-0.4999999999999998,0,0,0,1,0,0]],[0.8660254037844388,0,-0.4999999999999998,1.6598820239346272]],[[0.499999999996,1,-2.020725942192,0,1,0,0,0,0,1,1,0],[0.999999999996,1,-1.154700538408,0,1,0,0,0,0,1,1,0],[1.124999999999,1,-1.3712068893559999,0,1,0,0,0,0,1,1,0],[0.749999999999,1,-2.020725942194,0,1,0,0,0,0,1,1,0]],[[[-0.125,0,0.79385662015,1.2246467991473532e-16,0,1,0,0,0,0,0,1],[0.125,0,0.79385662015,1.2246467991473532e-16,0,1,0,0,0,0,0,1],[0.125,1,0.79385662015,1.2246467991473532e-16,0,1,0,0,0,0,0,1],[-0.125,1,0.79385662015,1.2246467991473532e-16,0,1,0,0,0,0,0,1]],[1.2246467991473532e-16,0,1,0.79385662015]],[[0,1,0.5773502692,0,1,0,0,0,0,0,1,0],[-0.125,1,0.79385662015,0,1,0,0,0,0,0,1,0],[0.125,1,0.79385662015,0,1,0,0,0,0,0,1,0]],[[[-1.249999999994,0,-1.154700538398,-0.8660254037844388,0,0.4999999999999998,0,0,0,0,0,1],[-1.124999999994,0,-0.938194187452,-0.8660254037844388,0,0.4999999999999998,0,0,0,0,0,1],[-1.124999999994,1,-0.938194187452,-0.8660254037844388,0,0.4999999999999998,0,0,0,0,0,1],[-1.249999999994,1,-1.154700538398,-0.8660254037844388,0,0.4999999999999998,0,0,0,0,0,1]],[-0.8660254037844388,0,0.4999999999999998,0.5051814855263526]],[[-0.999999999991,1,-1.1547005384,0,1,0,0,0,0,0,1,0],[-1.249999999994,1,-1.154700538398,0,1,0,0,0,0,0,1,0],[-1.124999999994,1,-0.938194187452,0,1,0,0,0,0,0,1,0]],[[[-0.624999999994,0,-2.2372322931479998,-0.8660254037844386,0,-0.5000000000000001,0,0,0,0,0,1],[-0.749999999994,0,-2.020725942202,-0.8660254037844386,0,-0.5000000000000001,0,0,0,0,0,1],[-0.749999999994,1,-2.020725942202,-0.8660254037844386,0,-0.5000000000000001,0,0,0,0,0,1],[-0.624999999994,1,-2.2372322931479998,-0.8660254037844386,0,-0.5000000000000001,0,0,0,0,0,1]],[-0.8660254037844386,0,-0.5000000000000001,1.6598820239340781]],[[-0.499999999991,1,-2.0207259422,0,1,0,0,0,0,0,1,0],[-0.624999999994,1,-2.2372322931479998,0,1,0,0,0,0,0,1,0],[-0.749999999994,1,-2.020725942202,0,1,0,0,0,0,0,1,0]],[[[-0.749999999994,0,-0.288675134598,-0.8660254037844388,0,0.4999999999999998,0,0,0,0,0,1],[-0.624999999994,0,-0.072168783652,-0.8660254037844388,0,0.4999999999999998,0,0,0,0,0,1],[-0.624999999994,1,-0.072168783652,-0.8660254037844388,0,0.4999999999999998,0,0,0,0,0,1],[-0.749999999994,1,-0.288675134598,-0.8660254037844388,0,0.4999999999999998,0,0,0,0,0,1]],[-0.8660254037844388,0,0.4999999999999998,0.505181485534133]],[[-0.499999999991,1,-0.2886751346,0,1,0,0,0,0,0,1,0],[-0.749999999994,1,-0.288675134598,0,1,0,0,0,0,0,1,0],[-0.624999999994,1,-0.072168783652,0,1,0,0,0,0,0,1,0]],[[-0.375,0,-2.23723229315,0,0,-1,0,0,0,0,0,1],[-0.625,0,-2.23723229315,0,0,-1,0,0,0,0,0,1],[-0.625,1,-2.23723229315,0,0,-1,0,0,0,0,0,1],[-0.375,1,-2.23723229315,0,0,-1,0,0,0,0,0,1]],[[-0.5,1,-2.0207259422,0,1,-0,0,0,0,0,1,0],[-0.375,1,-2.23723229315,0,1,-0,0,0,0,0,1,0],[-0.625,1,-2.23723229315,0,1,-0,0,0,0,0,1,0]],[[[0.624999999994,0,-0.072168783652,0.8660254037844384,0,0.5000000000000002,0,0,0,0,0,1],[0.749999999994,0,-0.288675134598,0.8660254037844384,0,0.5000000000000002,0,0,0,0,0,1],[0.749999999994,1,-0.288675134598,0.8660254037844384,0,0.5000000000000002,0,0,0,0,0,1],[0.624999999994,1,-0.072168783652,0.8660254037844384,0,0.5000000000000002,0,0,0,0,0,1]],[0.8660254037844384,0,0.5000000000000002,0.5051814855340778]],[[0.499999999991,1,-0.2886751346,0,1,0,0,0,0,0,1,0],[0.624999999994,1,-0.072168783652,0,1,0,0,0,0,0,1,0],[0.749999999994,1,-0.288675134598,0,1,0,0,0,0,0,1,0]],[[[-0.749999999999,0,-2.020725942194,-0.8660254037844384,0,-0.5000000000000002,0,0,0,1,0,0],[-1.124999999999,0,-1.3712068893559999,-0.8660254037844384,0,-0.5000000000000002,0,0,0,1,0,0],[-1.124999999999,1,-1.3712068893559999,-0.8660254037844384,0,-0.5000000000000002,0,0,0,1,0,0],[-0.749999999999,1,-2.020725942194,-0.8660254037844384,0,-0.5000000000000002,0,0,0,1,0,0]],[-0.8660254037844384,0,-0.5000000000000002,1.6598820239344632]],[[-0.999999999996,1,-1.154700538408,0,1,0,0,0,0,1,1,0],[-0.499999999996,1,-2.020725942192,0,1,0,0,0,0,1,1,0],[-0.749999999999,1,-2.020725942194,0,1,0,0,0,0,1,1,0],[-1.124999999999,1,-1.3712068893559999,0,1,0,0,0,0,1,1,0]],[[[-0.624999999999,0,-0.07216878364399999,-0.8660254037844386,0,0.5000000000000001,0,0,0,1,0,0],[-0.249999999999,0,0.577350269194,-0.8660254037844386,0,0.5000000000000001,0,0,0,1,0,0],[-0.249999999999,1,0.577350269194,-0.8660254037844386,0,0.5000000000000001,0,0,0,1,0,0],[-0.624999999999,1,-0.07216878364399999,-0.8660254037844386,0,0.5000000000000001,0,0,0,1,0,0]],[-0.8660254037844386,0,0.5000000000000001,0.5051814855424082]],[[4e-12,1,0.5773502691919999,0,1,0,0,0,0,1,1,0],[-0.499999999996,1,-0.288675134592,0,1,0,0,0,0,1,1,0],[-0.624999999999,1,-0.07216878364399999,0,1,0,0,0,0,1,1,0],[-0.249999999999,1,0.577350269194,0,1,0,0,0,0,1,1,0]],[[[-1.124999999999,0,-0.938194187444,-0.8660254037844386,0,0.5000000000000001,0,0,0,1,0,0],[-0.749999999999,0,-0.288675134606,-0.8660254037844386,0,0.5000000000000001,0,0,0,1,0,0],[-0.749999999999,1,-0.288675134606,-0.8660254037844386,0,0.5000000000000001,0,0,0,1,0,0],[-1.124999999999,1,-0.938194187444,-0.8660254037844386,0,0.5000000000000001,0,0,0,1,0,0]],[-0.8660254037844386,0,0.5000000000000001,0.5051814855346273]],[[-0.499999999996,1,-0.288675134608,0,1,0,0,0,0,1,1,0],[-0.999999999996,1,-1.154700538392,0,1,0,0,0,0,1,1,0],[-1.124999999999,1,-0.938194187444,0,1,0,0,0,0,1,1,0],[-0.749999999999,1,-0.288675134606,0,1,0,0,0,0,1,1,0]],[[[1.249999999994,0,-1.154700538402,0.8660254037844386,0,-0.5000000000000001,0,0,0,0,0,1],[1.124999999994,0,-1.371206889348,0.8660254037844386,0,-0.5000000000000001,0,0,0,0,0,1],[1.124999999994,1,-1.371206889348,0.8660254037844386,0,-0.5000000000000001,0,0,0,0,0,1],[1.249999999994,1,-1.154700538402,0.8660254037844386,0,-0.5000000000000001,0,0,0,0,0,1]],[0.8660254037844386,0,-0.5000000000000001,1.659882023926352]],[[0.999999999991,1,-1.1547005384,0,1,0,0,0,0,0,1,0],[1.249999999994,1,-1.154700538402,0,1,0,0,0,0,0,1,0],[1.124999999994,1,-1.371206889348,0,1,0,0,0,0,0,1,0]],[[[-1.124999999994,0,-1.371206889348,-0.8660254037844386,0,-0.5000000000000001,0,0,0,0,0,1],[-1.249999999994,0,-1.154700538402,-0.8660254037844386,0,-0.5000000000000001,0,0,0,0,0,1],[-1.249999999994,1,-1.154700538402,-0.8660254037844386,0,-0.5000000000000001,0,0,0,0,0,1],[-1.124999999994,1,-1.371206889348,-0.8660254037844386,0,-0.5000000000000001,0,0,0,0,0,1]],[-0.8660254037844386,0,-0.5000000000000001,1.6598820239262975]],[[-0.999999999991,1,-1.1547005384,0,1,0,0,0,0,0,1,0],[-1.124999999994,1,-1.371206889348,0,1,0,0,0,0,0,1,0],[-1.249999999994,1,-1.154700538402,0,1,0,0,0,0,0,1,0]],[[[0.124999999994,0,0.793856620148,0.8660254037844384,0,0.5000000000000002,0,0,0,0,0,1],[0.249999999994,0,0.5773502692019999,0.8660254037844384,0,0.5000000000000002,0,0,0,0,0,1],[0.249999999994,1,0.5773502692019999,0.8660254037844384,0,0.5000000000000002,0,0,0,0,0,1],[0.124999999994,1,