{"bounds":[0,0,-0.07216878365,0.3,0.01,0.23094010768],"polygons":[[[0.19999999999999998,0,0.23094010768,0.866025403788329,-0,0.49999999999326167,0,0,0,0.6,0.4,0.2],[0.3,0,0.05773502692,0.866025403788329,-0,0.49999999999326167,0,0,0,0.6,0.4,0.2],[0.3,0.01,0.05773502692,0.866025403788329,-0,0.49999999999326167,0,0,0,0.6,0.4,0.2],[0.19999999999999998,0.01,0.23094010768,0.866025403788329,-0,0.49999999999326167,0,0,0,0.6,0.4,0.2]],[[0.3,0,0.05773502692,0.5960395606861749,0,-0.8029550685418405,0,0,0,0.6,0.4,0.2],[0.125,0,-0.07216878365,0.5960395606861749,0,-0.8029550685418405,0,0,0,0.6,0.4,0.2],[0.125,0.01,-0.07216878365,0.5960395606861749,0,-0.8029550685418405,0,0,0,0.6,0.4,0.2],[0.3,0.01,0.05773502692,0.5960395606861749,0,-0.8029550685418405,0,0,0,0.6,0.4,0.2]],[[0.125,0,-0.07216878365,-0.866025403788329,0,-0.4999999999932618,0,0,0,0.6,0.4,0.2],[0,0,0.1443375673,-0.866025403788329,0,-0.4999999999932618,0,0,0,0.6,0.4,0.2],[0,0.01,0.1443375673,-0.866025403788329,0,-0.4999999999932618,0,0,0,0.6,0.4,0.2],[0.125,0.01,-0.07216878365,-0.866025403788329,0,-0.4999999999932618,0,0,0,0.6,0.4,0.2]],[[0,0,0.1443375673,-0.3973597071255257,0,0.9176629354796435,0,0,0,0.6,0.4,0.2],[0.19999999999999998,0,0.23094010768,-0.3973597071255257,0,0.9176629354796435,0,0,0,0.6,0.4,0.2],[0.19999999999999998,0.01,0.23094010768,-0.3973597071255257,0,0.9176629354796435,0,0,0,0.6,0.4,0.2],[0,0.01,0.1443375673,-0.3973597071255257,0,0.9176629354796435,0,0,0,0.6,0.4,0.2]],[[0.19999999999999998,0.01,0.23094010768,0,1,0,0,0,0,0.6745098039215687,0.5568627450980392,0.40784313725490196],[0.3,0.01,0.05773502692,0,1,0,0,0,0,0.6745098039215687,0.5568627450980392,0.40784313725490196],[0.125,0.01,-0.07216878365,0,1,0,0,0,0,0.6745098039215687,0.5568627450980392,0.40784313725490196],[0,0.01,0.1443375673,0,1,0,0,0,0,0.6745098039215687,0.5568627450980392,0.40784313725490196]]]}