{"bounds":[-0.125,0,-0.15877132403,0.35,0.01,0.31754264806],"polygons":[[[0.15,0,0.31754264806,0.866025403788329,-0,0.49999999999326167,0,0,0,0.6,0.4,0.2],[0.35,0,-0.02886751346,0.866025403788329,-0,0.49999999999326167,0,0,0,0.6,0.4,0.2],[0.35,0.01,-0.02886751346,0.866025403788329,-0,0.49999999999326167,0,0,0,0.6,0.4,0.2],[0.15,0.01,0.31754264806,0.866025403788329,-0,0.49999999999326167,0,0,0,0.6,0.4,0.2]],[[0.35,0,-0.02886751346,0.39735970712552576,0,-0.9176629354796435,0,0,0,0.6,0.4,0.2],[0.049999999999999996,0,-0.15877132403,0.39735970712552576,0,-0.9176629354796435,0,0,0,0.6,0.4,0.2],[0.049999999999999996,0.01,-0.15877132403,0.39735970712552576,0,-0.9176629354796435,0,0,0,0.6,0.4,0.2],[0.35,0.01,-0.02886751346,0.39735970712552576,0,-0.9176629354796435,0,0,0,0.6,0.4,0.2]],[[0.049999999999999996,0,-0.15877132403,-0.4435327625791457,0,-0.8962581595271036,0,0,0,0.6,0.4,0.2],[-0.125,0,-0.07216878365,-0.4435327625791457,0,-0.8962581595271036,0,0,0,0.6,0.4,0.2],[-0.125,0.01,-0.07216878365,-0.4435327625791457,0,-0.8962581595271036,0,0,0,0.6,0.4,0.2],[0.049999999999999996,0.01,-0.15877132403,-0.4435327625791457,0,-0.8962581595271036,0,0,0,0.6,0.4,0.2]],[[-0.125,0,-0.07216878365,-0.9979487157887469,0,0.06401843996530245,0,0,0,0.6,0.4,0.2],[-0.1125,0,0.122686932205,-0.9979487157887469,0,0.06401843996530245,0,0,0,0.6,0.4,0.2],[-0.1125,0.01,0.122686932205,-0.9979487157887469,0,0.06401843996530245,0,0,0,0.6,0.4,0.2],[-0.125,0.01,-0.07216878365,-0.9979487157887469,0,0.06401843996530245,0,0,0,0.6,0.4,0.2]],[[-0.1125,0,0.122686932205,-0.596039560686175,0,0.8029550685418404,0,0,0,0.6,0.4,0.2],[0.15,0,0.31754264806,-0.596039560686175,0,0.8029550685418404,0,0,0,0.6,0.4,0.2],[0.15,0.01,0.31754264806,-0.596039560686175,0,0.8029550685418404,0,0,0,0.6,0.4,0.2],[-0.1125,0.01,0.122686932205,-0.596039560686175,0,0.8029550685418404,0,0,0,0.6,0.4,0.2]],[[0.15,0.01,0.31754264806,0,1,0,0,0,0,0.6745098039215687,0.5568627450980392,0.40784313725490196],[0.35,0.01,-0.02886751346,0,1,0,0,0,0,0.6745098039215687,0.5568627450980392,0.40784313725490196],[0.049999999999999996,0.01,-0.15877132403,0,1,0,0,0,0,0.6745098039215687,0.5568627450980392,0.40784313725490196],[-0.125,0.01,-0.07216878365,0,1,0,0,0,0,0.6745098039215687,0.5568627450980392,0.40784313725490196],[-0.1125,0.01,0.122686932205,0,1,0,0,0,0,0.6745098039215687,0.5568627450980392,0.40784313725490196]]]}