{"polygons":[[[0.125,0,0.36084391825,0.866025403788329,-0,0.4999999999932618,0,0,0,0.6,0.4,0.2],[0.375,0,-0.07216878365,0.866025403788329,-0,0.4999999999932618,0,0,0,0.6,0.4,0.2],[0.375,0.01,-0.07216878365,0.866025403788329,-0,0.4999999999932618,0,0,0,0.6,0.4,0.2],[0.125,0.01,0.36084391825,0.866025403788329,-0,0.4999999999932618,0,0,0,0.6,0.4,0.2]],[[0.375,0,-0.07216878365,0.866025403788329,0,-0.4999999999932618,0,0,0,0.6,0.4,0.2],[0.25,0,-0.2886751346,0.866025403788329,0,-0.4999999999932618,0,0,0,0.6,0.4,0.2],[0.25,0.01,-0.2886751346,0.866025403788329,0,-0.4999999999932618,0,0,0,0.6,0.4,0.2],[0.375,0.01,-0.07216878365,0.866025403788329,0,-0.4999999999932618,0,0,0,0.6,0.4,0.2]],[[0.25,0,-0.2886751346,0,0,-1,0,0,0,0.6,0.4,0.2],[-0.25,0,-0.2886751346,0,0,-1,0,0,0,0.6,0.4,0.2],[-0.25,0.01,-0.2886751346,0,0,-1,0,0,0,0.6,0.4,0.2],[0.25,0.01,-0.2886751346,0,0,-1,0,0,0,0.6,0.4,0.2]],[[-0.25,0,-0.2886751346,-0.866025403788329,0,0.4999999999932617,0,0,0,0.6,0.4,0.2],[0.125,0,0.36084391825,-0.866025403788329,0,0.4999999999932617,0,0,0,0.6,0.4,0.2],[0.125,0.01,0.36084391825,-0.866025403788329,0,0.4999999999932617,0,0,0,0.6,0.4,0.2],[-0.25,0.01,-0.2886751346,-0.866025403788329,0,0.4999999999932617,0,0,0,0.6,0.4,0.2]],[[0.125,0.01,0.36084391825,0,1,0,0,0,0,0.6745098039215687,0.5568627450980392,0.40784313725490196],[0.375,0.01,-0.07216878365,0,1,0,0,0,0,0.6745098039215687,0.5568627450980392,0.40784313725490196],[0.25,0.01,-0.2886751346,0,1,0,0,0,0,0.6745098039215687,0.5568627450980392,0.40784313725490196],[-0.25,0.01,-0.2886751346,0,1,0,0,0,0,0.6745098039215687,0.5568627450980392,0.40784313725490196]]],"bounds":[-0.25,0,-0.2886751346,0.375,0.01,0.36084391825]}